{
    "best_valid": 0.8803365384615385,
    "selected_epoch": 20,
    "test": 0.8808173076923077,
    "time": 186.70545363426208
}