{
    "best_valid": 0.7356730769230769,
    "selected_epoch": 2,
    "test": 0.7359615384615384,
    "time": 18.21233558654785
}